<?xml version="1.0" encoding="UTF-8"?>
<project-private xmlns="http://www.netbeans.org/ns/project-private/1">
    <editor-bookmarks xmlns="http://www.netbeans.org/ns/editor-bookmarks/2" lastBookmarkId="0"/>
    <open-files xmlns="http://www.netbeans.org/ns/projectui-open-files/2">
        <group>
            <file>file:/C:/Users/Dell/3D%20Objects/STUDENT_MANAGEMENT_SYSTEM_IN_JAVA_USING_NETBEANS_WITH_SOURCE_CODE/Car%20Alignment/src/student/information/system/Login.java</file>
            <file>file:/C:/Users/Dell/3D%20Objects/STUDENT_MANAGEMENT_SYSTEM_IN_JAVA_USING_NETBEANS_WITH_SOURCE_CODE/Car%20Alignment/src/student/information/system/StudentInformation.java</file>
            <file>file:/C:/Users/Dell/3D%20Objects/STUDENT_MANAGEMENT_SYSTEM_IN_JAVA_USING_NETBEANS_WITH_SOURCE_CODE/Car%20Alignment/src/student/information/system/MainMenu.java</file>
            <file>file:/C:/Users/Dell/3D%20Objects/STUDENT_MANAGEMENT_SYSTEM_IN_JAVA_USING_NETBEANS_WITH_SOURCE_CODE/Car%20Alignment/src/student/information/system/db.java</file>
        </group>
    </open-files>
</project-private>
